{
  "objects": [
    {
      "attributes": {
        "description": "",
        "kibanaSavedObjectMeta": {
          "searchSourceJSON": "{\n  \"filter\": []\n}"
        },
        "savedSearchId": "nfs",
        "title": "NFS clients pie chart",
        "uiStateJSON": "{}",
        "version": 1,
        "visState": "{\n  \"title\": \"NFS clients pie chart\",\n  \"type\": \"pie\",\n  \"params\": {\n    \"shareYAxis\": true,\n    \"addTooltip\": true,\n    \"addLegend\": true,\n    \"isDonut\": true\n  },\n  \"aggs\": [\n    {\n      \"id\": \"1\",\n      \"type\": \"count\",\n      \"schema\": \"metric\",\n      \"params\": {}\n    },\n    {\n      \"id\": \"2\",\n      \"type\": \"terms\",\n      \"schema\": \"segment\",\n      \"params\": {\n        \"field\": \"rpc.cred.machinename\",\n        \"size\": 16,\n        \"order\": \"desc\",\n        \"orderBy\": \"1\"\n      }\n    }\n  ],\n  \"listeners\": {}\n}"
      },
      "id": "NFS-clients-pie-chart",
      "type": "visualization",
      "version": 2
    },
    {
      "attributes": {
        "description": "",
        "kibanaSavedObjectMeta": {
          "searchSourceJSON": "{\"filter\":[]}"
        },
        "savedSearchId": "nfs",
        "title": "NFS operations area chart",
        "uiStateJSON": "{}",
        "version": 1,
        "visState": "{\"title\":\"NFS operations area chart\",\"type\":\"area\",\"params\":{\"shareYAxis\":true,\"addTooltip\":true,\"addLegend\":true,\"smoothLines\":true,\"scale\":\"linear\",\"interpolate\":\"linear\",\"mode\":\"stacked\",\"times\":[],\"addTimeMarker\":false,\"defaultYExtents\":false,\"setYExtents\":false,\"yAxis\":{}},\"aggs\":[{\"id\":\"1\",\"type\":\"count\",\"schema\":\"metric\",\"params\":{}},{\"id\":\"2\",\"type\":\"terms\",\"schema\":\"group\",\"params\":{\"field\":\"nfs.opcode\",\"size\":16,\"order\":\"desc\",\"orderBy\":\"1\"}},{\"id\":\"3\",\"type\":\"date_histogram\",\"schema\":\"segment\",\"params\":{\"field\":\"@timestamp\",\"interval\":\"auto\",\"customInterval\":\"2h\",\"min_doc_count\":1,\"extended_bounds\":{}}}],\"listeners\":{}}"
      },
      "id": "NFS-operations-area-chart",
      "type": "visualization",
      "version": 2
    },
    {
      "attributes": {
        "description": "",
        "kibanaSavedObjectMeta": {
          "searchSourceJSON": "{\n  \"filter\": []\n}"
        },
        "savedSearchId": "nfs",
        "title": "NFS top group pie chart",
        "uiStateJSON": "{}",
        "version": 1,
        "visState": "{\n  \"title\": \"New Visualization\",\n  \"type\": \"pie\",\n  \"params\": {\n    \"shareYAxis\": true,\n    \"addTooltip\": true,\n    \"addLegend\": true,\n    \"isDonut\": false\n  },\n  \"aggs\": [\n    {\n      \"id\": \"1\",\n      \"type\": \"count\",\n      \"schema\": \"metric\",\n      \"params\": {}\n    },\n    {\n      \"id\": \"2\",\n      \"type\": \"terms\",\n      \"schema\": \"segment\",\n      \"params\": {\n        \"field\": \"rpc.cred.gid\",\n        \"size\": 16,\n        \"order\": \"desc\",\n        \"orderBy\": \"1\"\n      }\n    }\n  ],\n  \"listeners\": {}\n}"
      },
      "id": "NFS-top-group-pie-chart",
      "type": "visualization",
      "version": 2
    },
    {
      "attributes": {
        "description": "",
        "kibanaSavedObjectMeta": {
          "searchSourceJSON": "{\n  \"filter\": []\n}"
        },
        "savedSearchId": "nfs",
        "title": "NFS top users pie chart",
        "uiStateJSON": "{}",
        "version": 1,
        "visState": "{\n  \"title\": \"New Visualization\",\n  \"type\": \"pie\",\n  \"params\": {\n    \"shareYAxis\": true,\n    \"addTooltip\": true,\n    \"addLegend\": true,\n    \"isDonut\": false\n  },\n  \"aggs\": [\n    {\n      \"id\": \"1\",\n      \"type\": \"count\",\n      \"schema\": \"metric\",\n      \"params\": {}\n    },\n    {\n      \"id\": \"2\",\n      \"type\": \"terms\",\n      \"schema\": \"segment\",\n      \"params\": {\n        \"field\": \"rpc.cred.uid\",\n        \"size\": 16,\n        \"order\": \"desc\",\n        \"orderBy\": \"1\"\n      }\n    }\n  ],\n  \"listeners\": {}\n}"
      },
      "id": "NFS-top-users-pie-chart",
      "type": "visualization",
      "version": 2
    },
    {
      "attributes": {
        "description": "",
        "kibanaSavedObjectMeta": {
          "searchSourceJSON": "{\"filter\":[]}"
        },
        "savedSearchId": "nfs",
        "title": "NFS response times",
        "uiStateJSON": "{}",
        "version": 1,
        "visState": "{\"title\":\"NFS response times\",\"type\":\"line\",\"params\":{\"addLegend\":true,\"addTimeMarker\":false,\"addTooltip\":true,\"defaultYExtents\":true,\"drawLinesBetweenPoints\":true,\"interpolate\":\"linear\",\"radiusRatio\":\"9\",\"scale\":\"linear\",\"setYExtents\":false,\"shareYAxis\":true,\"showCircles\":true,\"smoothLines\":true,\"times\":[],\"yAxis\":{}},\"aggs\":[{\"id\":\"1\",\"type\":\"median\",\"schema\":\"metric\",\"params\":{\"field\":\"rpc.time\",\"percents\":[50]}},{\"id\":\"2\",\"type\":\"date_histogram\",\"schema\":\"segment\",\"params\":{\"field\":\"@timestamp\",\"interval\":\"auto\",\"customInterval\":\"2h\",\"min_doc_count\":1,\"extended_bounds\":{}}}],\"listeners\":{}}"
      },
      "id": "NFS-response-times",
      "type": "visualization",
      "version": 2
    },
    {
      "attributes": {
        "description": "",
        "kibanaSavedObjectMeta": {
          "searchSourceJSON": "{\"filter\":[]}"
        },
        "savedSearchId": "NFS-errors-search",
        "title": "NFS errors",
        "uiStateJSON": "{}",
        "version": 1,
        "visState": "{\"title\":\"NFS errors\",\"type\":\"area\",\"params\":{\"shareYAxis\":true,\"addTooltip\":true,\"addLegend\":true,\"legendPosition\":\"right\",\"smoothLines\":false,\"scale\":\"linear\",\"interpolate\":\"linear\",\"mode\":\"stacked\",\"times\":[],\"addTimeMarker\":false,\"defaultYExtents\":false,\"setYExtents\":false,\"yAxis\":{}},\"aggs\":[{\"id\":\"1\",\"enabled\":true,\"type\":\"count\",\"schema\":\"metric\",\"params\":{}},{\"id\":\"2\",\"enabled\":true,\"type\":\"date_histogram\",\"schema\":\"segment\",\"params\":{\"field\":\"@timestamp\",\"interval\":\"auto\",\"customInterval\":\"2h\",\"min_doc_count\":1,\"extended_bounds\":{}}},{\"id\":\"3\",\"enabled\":true,\"type\":\"terms\",\"schema\":\"group\",\"params\":{\"field\":\"nfs.status\",\"size\":12,\"order\":\"desc\",\"orderBy\":\"1\"}}],\"listeners\":{}}"
      },
      "id": "NFS-errors",
      "type": "visualization",
      "version": 2
    },
    {
      "attributes": {
        "description": "",
        "kibanaSavedObjectMeta": {
          "searchSourceJSON": "{\"filter\":[]}"
        },
        "savedSearchId": "nfs",
        "title": "NFS operation table",
        "uiStateJSON": "{}",
        "version": 1,
        "visState": "{\"title\":\"NFS operation table\",\"type\":\"table\",\"params\":{\"perPage\":10,\"showPartialRows\":false,\"showMeticsAtAllLevels\":false},\"aggs\":[{\"id\":\"1\",\"type\":\"avg\",\"schema\":\"metric\",\"params\":{\"field\":\"rpc.time\"}},{\"id\":\"2\",\"type\":\"terms\",\"schema\":\"bucket\",\"params\":{\"field\":\"nfs.opcode\",\"size\":16,\"order\":\"desc\",\"orderBy\":\"1\"}},{\"id\":\"3\",\"type\":\"count\",\"schema\":\"metric\",\"params\":{}}],\"listeners\":{}}"
      },
      "id": "NFS-operation-table",
      "type": "visualization",
      "version": 2
    },
    {
      "attributes": {
        "description": "",
        "kibanaSavedObjectMeta": {
          "searchSourceJSON": "{\"filter\":[]}"
        },
        "savedSearchId": "nfs",
        "title": "NFS bytes in / out",
        "uiStateJSON": "{\"vis\":{\"colors\":{\"Sum of rpc.reply_size\":\"#7EB26D\"}}}",
        "version": 1,
        "visState": "{\"title\":\"NFS bytes in / out\",\"type\":\"line\",\"params\":{\"shareYAxis\":true,\"addTooltip\":true,\"addLegend\":true,\"showCircles\":true,\"smoothLines\":false,\"interpolate\":\"linear\",\"scale\":\"linear\",\"drawLinesBetweenPoints\":true,\"radiusRatio\":9,\"times\":[],\"addTimeMarker\":false,\"defaultYExtents\":false,\"setYExtents\":false,\"yAxis\":{}},\"aggs\":[{\"id\":\"1\",\"type\":\"sum\",\"schema\":\"metric\",\"params\":{\"field\":\"rpc.call_size\"}},{\"id\":\"2\",\"type\":\"sum\",\"schema\":\"metric\",\"params\":{\"field\":\"rpc.reply_size\"}},{\"id\":\"3\",\"type\":\"date_histogram\",\"schema\":\"segment\",\"params\":{\"field\":\"@timestamp\",\"interval\":\"auto\",\"customInterval\":\"2h\",\"min_doc_count\":1,\"extended_bounds\":{}}}],\"listeners\":{}}"
      },
      "id": "NFS-bytes-in-slash-out",
      "type": "visualization",
      "version": 2
    },
    {
      "attributes": {
        "description": "",
        "kibanaSavedObjectMeta": {
          "searchSourceJSON": "{\"query\":{\"query_string\":{\"analyze_wildcard\":true,\"query\":\"*\"}},\"filter\":[]}"
        },
        "title": "Navigation",
        "uiStateJSON": "{}",
        "version": 1,
        "visState": "{\"title\":\"Navigation\",\"type\":\"markdown\",\"params\":{\"markdown\":\"### Packetbeat:\\n\\n[Overview](#/dashboard/Packetbeat-Dashboard)\\n\\n[Flows](#/dashboard/Packetbeat-Flows)\\n\\n[Web transactions](#/dashboard/Packetbeat-HTTP)\\n\\n[MySQL performance](#/dashboard/Packetbeat-MySQL-performance)\\n\\n[PostgreSQL performance](#/dashboard/Packetbeat-PgSQL-performance)\\n\\n[MongoDB performance](#/dashboard/Packetbeat-MongoDB-performance)\\n\\n[Thrift-RPC performance](#/dashboard/Packetbeat-Thrift-performance)\\n\\n[NFS transactions](#/dashboard/Packetbeat-NFS)\\n\\n[Cassandra performance](#/dashboard/Packetbeat-Cassandra)\"},\"aggs\":[],\"listeners\":{}}"
      },
      "id": "Navigation",
      "type": "visualization",
      "version": 18
    },
    {
      "attributes": {
        "columns": [
          "_source"
        ],
        "description": "",
        "hits": 0,
        "kibanaSavedObjectMeta": {
          "searchSourceJSON": "{\"index\":\"packetbeat-*\",\"query\":{\"query_string\":{\"analyze_wildcard\":true,\"query\":\"*\"}},\"filter\":[{\"$state\":{\"store\":\"appState\"},\"meta\":{\"alias\":null,\"disabled\":false,\"index\":\"packetbeat-*\",\"key\":\"type\",\"negate\":false,\"value\":\"nfs\"},\"query\":{\"match\":{\"type\":{\"query\":\"nfs\",\"type\":\"phrase\"}}}}],\"highlight\":{\"pre_tags\":[\"@kibana-highlighted-field@\"],\"post_tags\":[\"@/kibana-highlighted-field@\"],\"fields\":{\"*\":{}},\"require_field_match\":false,\"fragment_size\":2147483647}}"
        },
        "sort": [
          "@timestamp",
          "desc"
        ],
        "title": "nfs",
        "version": 1
      },
      "id": "nfs",
      "type": "search",
      "version": 14
    },
    {
      "attributes": {
        "columns": [
          "_source"
        ],
        "description": "",
        "hits": 0,
        "kibanaSavedObjectMeta": {
          "searchSourceJSON": "{\"index\":\"packetbeat-*\",\"query\":{\"query_string\":{\"query\":\"*\",\"analyze_wildcard\":true}},\"filter\":[{\"meta\":{\"negate\":false,\"index\":\"packetbeat-*\",\"key\":\"type\",\"value\":\"nfs\",\"disabled\":false,\"alias\":null},\"query\":{\"match\":{\"type\":{\"query\":\"nfs\",\"type\":\"phrase\"}}},\"$state\":{\"store\":\"appState\"}},{\"meta\":{\"negate\":true,\"index\":\"packetbeat-*\",\"key\":\"nfs.status\",\"value\":\"NFSERR_NOENT\",\"disabled\":false,\"alias\":null},\"query\":{\"match\":{\"nfs.status\":{\"query\":\"NFSERR_NOENT\",\"type\":\"phrase\"}}},\"$state\":{\"store\":\"appState\"}},{\"meta\":{\"negate\":true,\"index\":\"packetbeat-*\",\"key\":\"nfs.status\",\"value\":\"NFS_OK\",\"disabled\":false,\"alias\":null},\"query\":{\"match\":{\"nfs.status\":{\"query\":\"NFS_OK\",\"type\":\"phrase\"}}},\"$state\":{\"store\":\"appState\"}}],\"highlight\":{\"pre_tags\":[\"@kibana-highlighted-field@\"],\"post_tags\":[\"@/kibana-highlighted-field@\"],\"fields\":{\"*\":{}},\"require_field_match\":false,\"fragment_size\":2147483647}}"
        },
        "sort": [
          "@timestamp",
          "desc"
        ],
        "title": "NFS errors search",
        "version": 1
      },
      "id": "NFS-errors-search",
      "type": "search",
      "version": 2
    },
    {
      "attributes": {
        "description": "",
        "hits": 0,
        "kibanaSavedObjectMeta": {
          "searchSourceJSON": "{\"filter\":[{\"query\":{\"query_string\":{\"analyze_wildcard\":true,\"query\":\"*\"}}}]}"
        },
        "optionsJSON": "{\"darkTheme\":false}",
        "panelsJSON": "[{\"col\":5,\"id\":\"NFS-clients-pie-chart\",\"panelIndex\":1,\"row\":1,\"size_x\":4,\"size_y\":5,\"type\":\"visualization\"},{\"col\":1,\"id\":\"NFS-operations-area-chart\",\"panelIndex\":3,\"row\":12,\"size_x\":6,\"size_y\":4,\"type\":\"visualization\"},{\"col\":9,\"id\":\"NFS-top-group-pie-chart\",\"panelIndex\":4,\"row\":1,\"size_x\":4,\"size_y\":2,\"type\":\"visualization\"},{\"col\":9,\"id\":\"NFS-top-users-pie-chart\",\"panelIndex\":5,\"row\":3,\"size_x\":4,\"size_y\":3,\"type\":\"visualization\"},{\"col\":7,\"id\":\"NFS-response-times\",\"panelIndex\":6,\"row\":6,\"size_x\":6,\"size_y\":3,\"type\":\"visualization\"},{\"col\":7,\"id\":\"NFS-errors\",\"panelIndex\":7,\"row\":9,\"size_x\":6,\"size_y\":3,\"type\":\"visualization\"},{\"col\":7,\"id\":\"NFS-operation-table\",\"panelIndex\":8,\"row\":12,\"size_x\":6,\"size_y\":4,\"type\":\"visualization\"},{\"col\":1,\"id\":\"NFS-bytes-in-slash-out\",\"panelIndex\":9,\"row\":6,\"size_x\":6,\"size_y\":6,\"type\":\"visualization\"},{\"id\":\"Navigation\",\"type\":\"visualization\",\"panelIndex\":10,\"size_x\":4,\"size_y\":5,\"col\":1,\"row\":1}]",
        "timeRestore": false,
        "title": "Packetbeat NFS",
        "uiStateJSON": "{\"P-1\":{\"vis\":{\"legendOpen\":true}},\"P-4\":{\"spy\":{\"mode\":{\"fill\":false,\"name\":null}},\"vis\":{\"legendOpen\":true}},\"P-5\":{\"vis\":{\"legendOpen\":true}},\"P-6\":{\"vis\":{\"legendOpen\":false}},\"P-9\":{\"vis\":{\"legendOpen\":true}}}",
        "version": 1
      },
      "id": "Packetbeat-NFS",
      "type": "dashboard",
      "version": 2
    }
  ],
  "version": "6.0.0-alpha3-SNAPSHOT"
}