{
  "objects": [
    {
      "attributes": {
        "description": "",
        "kibanaSavedObjectMeta": {
          "searchSourceJSON": "{\"query\":{\"query_string\":{\"analyze_wildcard\":true,\"query\":\"*\"}},\"filter\":[]}"
        },
        "title": "Navigation",
        "uiStateJSON": "{}",
        "version": 1,
        "visState": "{\"title\":\"Navigation\",\"type\":\"markdown\",\"params\":{\"markdown\":\"### Packetbeat:\\n\\n[Overview](#/dashboard/Packetbeat-Dashboard)\\n\\n[Flows](#/dashboard/Packetbeat-Flows)\\n\\n[Web transactions](#/dashboard/Packetbeat-HTTP)\\n\\n[MySQL performance](#/dashboard/Packetbeat-MySQL-performance)\\n\\n[PostgreSQL performance](#/dashboard/Packetbeat-PgSQL-performance)\\n\\n[MongoDB performance](#/dashboard/Packetbeat-MongoDB-performance)\\n\\n[Thrift-RPC performance](#/dashboard/Packetbeat-Thrift-performance)\\n\\n[NFS transactions](#/dashboard/Packetbeat-NFS)\\n\\n[Cassandra performance](#/dashboard/Packetbeat-Cassandra)\"},\"aggs\":[],\"listeners\":{}}"
      },
      "id": "Navigation",
      "type": "visualization",
      "version": 18
    },
    {
      "attributes": {
        "description": "",
        "kibanaSavedObjectMeta": {
          "searchSourceJSON": "{\"filter\":[]}"
        },
        "savedSearchId": "PgSQL-errors",
        "title": "PgSQL Errors",
        "uiStateJSON": "{}",
        "version": 1,
        "visState": "{\"title\":\"PgSQL Errors\",\"type\":\"area\",\"params\":{\"shareYAxis\":true,\"addTooltip\":true,\"addLegend\":false,\"mode\":\"stacked\",\"defaultYExtents\":false,\"smoothLines\":false,\"scale\":\"linear\",\"interpolate\":\"linear\",\"times\":[],\"addTimeMarker\":false,\"setYExtents\":false,\"yAxis\":{}},\"aggs\":[{\"id\":\"1\",\"type\":\"count\",\"schema\":\"metric\",\"params\":{}},{\"id\":\"2\",\"type\":\"date_histogram\",\"schema\":\"segment\",\"params\":{\"field\":\"@timestamp\",\"interval\":\"auto\",\"customInterval\":\"2h\",\"min_doc_count\":1,\"extended_bounds\":{}}}],\"listeners\":{}}"
      },
      "id": "PgSQL-Errors",
      "type": "visualization",
      "version": 2
    },
    {
      "attributes": {
        "description": "",
        "kibanaSavedObjectMeta": {
          "searchSourceJSON": "{\"filter\":[]}"
        },
        "savedSearchId": "PgSQL-transactions",
        "title": "PgSQL Methods",
        "uiStateJSON": "{}",
        "version": 1,
        "visState": "{\"title\":\"PgSQL Methods\",\"type\":\"area\",\"params\":{\"shareYAxis\":true,\"addTooltip\":true,\"addLegend\":true,\"mode\":\"wiggle\",\"defaultYExtents\":false,\"smoothLines\":false,\"scale\":\"linear\",\"interpolate\":\"linear\",\"times\":[],\"addTimeMarker\":false,\"setYExtents\":false,\"yAxis\":{}},\"aggs\":[{\"id\":\"1\",\"type\":\"count\",\"schema\":\"metric\",\"params\":{}},{\"id\":\"2\",\"type\":\"date_histogram\",\"schema\":\"segment\",\"params\":{\"field\":\"@timestamp\",\"interval\":\"auto\",\"customInterval\":\"2h\",\"min_doc_count\":1,\"extended_bounds\":{}}},{\"id\":\"3\",\"type\":\"terms\",\"schema\":\"group\",\"params\":{\"field\":\"method\",\"size\":5,\"order\":\"desc\",\"orderBy\":\"1\"}}],\"listeners\":{}}"
      },
      "id": "PgSQL-Methods",
      "type": "visualization",
      "version": 2
    },
    {
      "attributes": {
        "description": "",
        "kibanaSavedObjectMeta": {
          "searchSourceJSON": "{\"filter\":[]}"
        },
        "savedSearchId": "PgSQL-transactions",
        "title": "PgSQL response times percentiles",
        "version": 1,
        "visState": "{\"type\":\"line\",\"params\":{\"addLegend\":true,\"addTooltip\":true,\"defaultYExtents\":false,\"shareYAxis\":true},\"aggs\":[{\"id\":\"1\",\"type\":\"percentiles\",\"schema\":\"metric\",\"params\":{\"field\":\"responsetime\",\"percents\":[75,99,99.5]}},{\"id\":\"2\",\"type\":\"date_histogram\",\"schema\":\"segment\",\"params\":{\"field\":\"@timestamp\",\"interval\":\"auto\",\"min_doc_count\":1,\"extended_bounds\":{}}}],\"listeners\":{}}"
      },
      "id": "PgSQL-response-times-percentiles",
      "type": "visualization",
      "version": 2
    },
    {
      "attributes": {
        "description": "",
        "kibanaSavedObjectMeta": {
          "searchSourceJSON": "{\"filter\":[]}"
        },
        "savedSearchId": "PgSQL-transactions",
        "title": "PgSQL throughput",
        "version": 1,
        "visState": "{\"type\":\"line\",\"params\":{\"shareYAxis\":true,\"addTooltip\":true,\"addLegend\":true,\"defaultYExtents\":false},\"aggs\":[{\"id\":\"1\",\"type\":\"sum\",\"schema\":\"metric\",\"params\":{\"field\":\"bytes_out\"}},{\"id\":\"2\",\"type\":\"sum\",\"schema\":\"metric\",\"params\":{\"field\":\"bytes_in\"}},{\"id\":\"3\",\"type\":\"date_histogram\",\"schema\":\"segment\",\"params\":{\"field\":\"@timestamp\",\"interval\":\"auto\",\"min_doc_count\":1,\"extended_bounds\":{}}}],\"listeners\":{}}"
      },
      "id": "PgSQL-throughput",
      "type": "visualization",
      "version": 2
    },
    {
      "attributes": {
        "description": "",
        "kibanaSavedObjectMeta": {
          "searchSourceJSON": "{\"filter\":[]}"
        },
        "savedSearchId": "PgSQL-transactions",
        "title": "PgSQL Reads vs Writes",
        "uiStateJSON": "{}",
        "version": 1,
        "visState": "{\"title\":\"PgSQL Reads vs Writes\",\"type\":\"area\",\"params\":{\"shareYAxis\":true,\"addTooltip\":true,\"addLegend\":true,\"mode\":\"stacked\",\"defaultYExtents\":false,\"smoothLines\":false,\"scale\":\"linear\",\"interpolate\":\"linear\",\"times\":[],\"addTimeMarker\":false,\"setYExtents\":false,\"yAxis\":{}},\"aggs\":[{\"id\":\"1\",\"type\":\"count\",\"schema\":\"metric\",\"params\":{}},{\"id\":\"2\",\"type\":\"date_histogram\",\"schema\":\"segment\",\"params\":{\"field\":\"@timestamp\",\"interval\":\"auto\",\"customInterval\":\"2h\",\"min_doc_count\":1,\"extended_bounds\":{}}},{\"id\":\"3\",\"type\":\"filters\",\"schema\":\"group\",\"params\":{\"filters\":[{\"input\":{\"query\":{\"query_string\":{\"query\":\"method: SELECT\",\"analyze_wildcard\":true}}}},{\"input\":{\"query\":{\"query_string\":{\"query\":\"method: INSERT or method: UPDATE or method: DELETE\",\"analyze_wildcard\":true}}}}]}}],\"listeners\":{}}"
      },
      "id": "PgSQL-Reads-vs-Writes",
      "type": "visualization",
      "version": 2
    },
    {
      "attributes": {
        "description": "",
        "kibanaSavedObjectMeta": {
          "searchSourceJSON": "{\"filter\":[]}"
        },
        "savedSearchId": "PgSQL-transactions",
        "title": "Most frequent PgSQL queries",
        "uiStateJSON": "{}",
        "version": 1,
        "visState": "{\"title\":\"Most frequent PgSQL queries\",\"type\":\"table\",\"params\":{\"perPage\":10,\"showPartialRows\":false,\"showMeticsAtAllLevels\":false},\"aggs\":[{\"id\":\"1\",\"type\":\"count\",\"schema\":\"metric\",\"params\":{}},{\"id\":\"2\",\"type\":\"terms\",\"schema\":\"bucket\",\"params\":{\"field\":\"query\",\"size\":10,\"order\":\"desc\",\"orderBy\":\"1\"}}],\"listeners\":{}}"
      },
      "id": "Most-frequent-PgSQL-queries",
      "type": "visualization",
      "version": 2
    },
    {
      "attributes": {
        "description": "",
        "kibanaSavedObjectMeta": {
          "searchSourceJSON": "{\"filter\":[]}"
        },
        "savedSearchId": "PgSQL-transactions",
        "title": "Slowest PgSQL queries",
        "version": 1,
        "visState": "{\"type\":\"table\",\"params\":{\"perPage\":10,\"showPartialRows\":false,\"showMeticsAtAllLevels\":false},\"aggs\":[{\"id\":\"1\",\"type\":\"avg\",\"schema\":\"metric\",\"params\":{\"field\":\"responsetime\"}},{\"id\":\"2\",\"type\":\"terms\",\"schema\":\"bucket\",\"params\":{\"field\":\"query\",\"size\":10,\"order\":\"desc\",\"orderBy\":\"1\"}}],\"listeners\":{}}"
      },
      "id": "Slowest-PgSQL-queries",
      "type": "visualization",
      "version": 2
    },
    {
      "attributes": {
        "columns": [
          "method",
          "type",
          "path",
          "responsetime",
          "status"
        ],
        "description": "",
        "hits": 0,
        "kibanaSavedObjectMeta": {
          "searchSourceJSON": "{\"index\":\"packetbeat-*\",\"highlight\":{\"pre_tags\":[\"@kibana-highlighted-field@\"],\"post_tags\":[\"@/kibana-highlighted-field@\"],\"fields\":{\"*\":{}}},\"filter\":[{\"meta\":{\"disabled\":false,\"index\":\"packetbeat-*\",\"key\":\"type\",\"negate\":false,\"value\":\"pgsql\"},\"query\":{\"match\":{\"type\":{\"query\":\"pgsql\",\"type\":\"phrase\"}}}},{\"meta\":{\"index\":\"packetbeat-*\",\"negate\":true,\"key\":\"status\",\"value\":\"OK\",\"disabled\":false},\"query\":{\"match\":{\"status\":{\"query\":\"OK\",\"type\":\"phrase\"}}}}],\"query\":{\"query_string\":{\"query\":\"*\",\"analyze_wildcard\":true}}}"
        },
        "sort": [
          "@timestamp",
          "desc"
        ],
        "title": "PgSQL errors",
        "version": 1
      },
      "id": "PgSQL-errors",
      "type": "search",
      "version": 2
    },
    {
      "attributes": {
        "columns": [
          "method",
          "type",
          "path",
          "responsetime",
          "status"
        ],
        "description": "",
        "hits": 0,
        "kibanaSavedObjectMeta": {
          "searchSourceJSON": "{\"index\":\"packetbeat-*\",\"highlight\":{\"pre_tags\":[\"@kibana-highlighted-field@\"],\"post_tags\":[\"@/kibana-highlighted-field@\"],\"fields\":{\"*\":{}}},\"filter\":[{\"meta\":{\"index\":\"packetbeat-*\",\"negate\":false,\"key\":\"type\",\"value\":\"pgsql\",\"disabled\":false},\"query\":{\"match\":{\"type\":{\"query\":\"pgsql\",\"type\":\"phrase\"}}}}],\"query\":{\"query_string\":{\"query\":\"*\",\"analyze_wildcard\":true}}}"
        },
        "sort": [
          "@timestamp",
          "desc"
        ],
        "title": "PgSQL transactions",
        "version": 1
      },
      "id": "PgSQL-transactions",
      "type": "search",
      "version": 12
    },
    {
      "attributes": {
        "description": "",
        "hits": 0,
        "kibanaSavedObjectMeta": {
          "searchSourceJSON": "{\"filter\":[{\"query\":{\"query_string\":{\"analyze_wildcard\":true,\"query\":\"*\"}}}]}"
        },
        "optionsJSON": "{\"darkTheme\":false}",
        "panelsJSON": "[{\"col\":1,\"id\":\"Navigation\",\"row\":1,\"size_x\":3,\"size_y\":4,\"type\":\"visualization\",\"panelIndex\":1},{\"col\":4,\"id\":\"PgSQL-Errors\",\"row\":1,\"size_x\":5,\"size_y\":4,\"type\":\"visualization\",\"panelIndex\":2},{\"col\":9,\"id\":\"PgSQL-Methods\",\"row\":1,\"size_x\":4,\"size_y\":4,\"type\":\"visualization\",\"panelIndex\":3},{\"col\":1,\"id\":\"PgSQL-response-times-percentiles\",\"row\":5,\"size_x\":12,\"size_y\":3,\"type\":\"visualization\",\"panelIndex\":4},{\"col\":7,\"id\":\"PgSQL-throughput\",\"row\":8,\"size_x\":6,\"size_y\":3,\"type\":\"visualization\",\"panelIndex\":5},{\"col\":1,\"id\":\"PgSQL-Reads-vs-Writes\",\"row\":8,\"size_x\":6,\"size_y\":3,\"type\":\"visualization\",\"panelIndex\":6},{\"id\":\"Most-frequent-PgSQL-queries\",\"type\":\"visualization\",\"size_x\":6,\"size_y\":6,\"col\":1,\"row\":11,\"panelIndex\":7},{\"id\":\"Slowest-PgSQL-queries\",\"type\":\"visualization\",\"size_x\":6,\"size_y\":6,\"col\":7,\"row\":11,\"panelIndex\":8}]",
        "timeRestore": false,
        "title": "Packetbeat PgSQL performance",
        "uiStateJSON": "{}",
        "version": 1
      },
      "id": "Packetbeat-PgSQL-performance",
      "type": "dashboard",
      "version": 2
    }
  ],
  "version": "6.0.0-alpha3-SNAPSHOT"
}