{
  "objects": [
    {
      "attributes": {
        "description": "",
        "kibanaSavedObjectMeta": {
          "searchSourceJSON": "{\"index\":\"packetbeat-*\",\"query\":{\"query_string\":{\"query\":\"*\",\"analyze_wildcard\":true}},\"filter\":[]}"
        },
        "title": "Cassandra ResponseKeyspace",
        "uiStateJSON": "{}",
        "version": 1,
        "visState": "{\"title\":\"Cassandra ResponseKeyspace\",\"type\":\"pie\",\"params\":{\"shareYAxis\":true,\"addTooltip\":true,\"addLegend\":true,\"isDonut\":true,\"legendPosition\":\"right\"},\"aggs\":[{\"id\":\"1\",\"enabled\":true,\"type\":\"count\",\"schema\":\"metric\",\"params\":{}},{\"id\":\"2\",\"enabled\":true,\"type\":\"terms\",\"schema\":\"segment\",\"params\":{\"field\":\"cassandra.response.result.rows.meta.keyspace\",\"size\":10,\"order\":\"desc\",\"orderBy\":\"1\"}},{\"id\":\"3\",\"enabled\":true,\"type\":\"terms\",\"schema\":\"segment\",\"params\":{\"field\":\"cassandra.response.result.rows.meta.table\",\"size\":5,\"order\":\"desc\",\"orderBy\":\"1\"}}],\"listeners\":{}}"
      },
      "id": "Cassandra-ResponseKeyspace",
      "type": "visualization",
      "version": 2
    },
    {
      "attributes": {
        "description": "",
        "kibanaSavedObjectMeta": {
          "searchSourceJSON": "{\"index\":\"packetbeat-*\",\"query\":{\"query_string\":{\"query\":\"*\",\"analyze_wildcard\":true}},\"filter\":[]}"
        },
        "title": "Cassandra ResponseType",
        "uiStateJSON": "{}",
        "version": 1,
        "visState": "{\"title\":\"Cassandra ResponseType\",\"type\":\"pie\",\"params\":{\"shareYAxis\":true,\"addTooltip\":true,\"addLegend\":true,\"isDonut\":false,\"legendPosition\":\"right\"},\"aggs\":[{\"id\":\"1\",\"enabled\":true,\"type\":\"count\",\"schema\":\"metric\",\"params\":{}},{\"id\":\"2\",\"enabled\":true,\"type\":\"terms\",\"schema\":\"segment\",\"params\":{\"field\":\"cassandra.response.result.type\",\"size\":10,\"order\":\"desc\",\"orderBy\":\"1\"}}],\"listeners\":{}}"
      },
      "id": "Cassandra-ResponseType",
      "type": "visualization",
      "version": 2
    },
    {
      "attributes": {
        "description": "",
        "kibanaSavedObjectMeta": {
          "searchSourceJSON": "{\"index\":\"packetbeat-*\",\"query\":{\"query_string\":{\"query\":\"type:cassandra\",\"analyze_wildcard\":true}},\"filter\":[]}"
        },
        "title": "Cassandra ResponseTime",
        "uiStateJSON": "{}",
        "version": 1,
        "visState": "{\"title\":\"Cassandra ResponseTime\",\"type\":\"line\",\"params\":{\"shareYAxis\":true,\"addTooltip\":true,\"addLegend\":true,\"showCircles\":true,\"smoothLines\":true,\"interpolate\":\"linear\",\"scale\":\"square root\",\"drawLinesBetweenPoints\":true,\"radiusRatio\":9,\"times\":[],\"addTimeMarker\":false,\"defaultYExtents\":false,\"setYExtents\":false,\"yAxis\":{},\"legendPosition\":\"right\"},\"aggs\":[{\"id\":\"1\",\"enabled\":true,\"type\":\"percentiles\",\"schema\":\"metric\",\"params\":{\"field\":\"responsetime\",\"percents\":[5,25,50,75,95]}},{\"id\":\"2\",\"enabled\":true,\"type\":\"date_histogram\",\"schema\":\"segment\",\"params\":{\"field\":\"@timestamp\",\"interval\":\"auto\",\"customInterval\":\"2h\",\"min_doc_count\":1,\"extended_bounds\":{}}}],\"listeners\":{}}"
      },
      "id": "Cassandra-ResponseTime",
      "type": "visualization",
      "version": 2
    },
    {
      "attributes": {
        "description": "",
        "kibanaSavedObjectMeta": {
          "searchSourceJSON": "{\"index\":\"packetbeat-*\",\"query\":{\"query_string\":{\"query\":\"type:cassandra\",\"analyze_wildcard\":true}},\"filter\":[]}"
        },
        "title": "Cassandra RequestCount",
        "uiStateJSON": "{}",
        "version": 1,
        "visState": "{\"title\":\"Cassandra RequestCount\",\"type\":\"line\",\"params\":{\"shareYAxis\":true,\"addTooltip\":true,\"addLegend\":true,\"showCircles\":true,\"smoothLines\":true,\"interpolate\":\"linear\",\"scale\":\"square root\",\"drawLinesBetweenPoints\":true,\"radiusRatio\":9,\"times\":[],\"addTimeMarker\":false,\"defaultYExtents\":false,\"setYExtents\":false,\"yAxis\":{},\"legendPosition\":\"right\"},\"aggs\":[{\"id\":\"1\",\"enabled\":true,\"type\":\"count\",\"schema\":\"metric\",\"params\":{}},{\"id\":\"2\",\"enabled\":true,\"type\":\"date_histogram\",\"schema\":\"segment\",\"params\":{\"field\":\"@timestamp\",\"interval\":\"auto\",\"customInterval\":\"2h\",\"min_doc_count\":1,\"extended_bounds\":{}}}],\"listeners\":{}}"
      },
      "id": "Cassandra-RequestCount",
      "type": "visualization",
      "version": 2
    },
    {
      "attributes": {
        "description": "",
        "kibanaSavedObjectMeta": {
          "searchSourceJSON": "{\"index\":\"packetbeat-*\",\"query\":{\"query_string\":{\"query\":\"type:cassandra\",\"analyze_wildcard\":true}},\"filter\":[]}"
        },
        "title": "Cassandra Ops",
        "uiStateJSON": "{}",
        "version": 1,
        "visState": "{\"title\":\"Cassandra Ops\",\"type\":\"pie\",\"params\":{\"shareYAxis\":true,\"addTooltip\":true,\"addLegend\":true,\"isDonut\":true,\"legendPosition\":\"right\"},\"aggs\":[{\"id\":\"1\",\"enabled\":true,\"type\":\"count\",\"schema\":\"metric\",\"params\":{}},{\"id\":\"2\",\"enabled\":true,\"type\":\"terms\",\"schema\":\"segment\",\"params\":{\"field\":\"cassandra.request.headers.op\",\"size\":5,\"order\":\"desc\",\"orderBy\":\"1\"}},{\"id\":\"3\",\"enabled\":true,\"type\":\"terms\",\"schema\":\"segment\",\"params\":{\"field\":\"cassandra.response.headers.op\",\"size\":5,\"order\":\"desc\",\"orderBy\":\"1\"}}],\"listeners\":{}}"
      },
      "id": "Cassandra-Ops",
      "type": "visualization",
      "version": 2
    },
    {
      "attributes": {
        "description": "",
        "kibanaSavedObjectMeta": {
          "searchSourceJSON": "{\"index\":\"packetbeat-*\",\"query\":{\"query_string\":{\"query\":\"type:cassandra\",\"analyze_wildcard\":true}},\"filter\":[]}"
        },
        "title": "Cassandra RequestCountStackByType",
        "uiStateJSON": "{}",
        "version": 1,
        "visState": "{\"title\":\"Cassandra RequestCountStackByType\",\"type\":\"histogram\",\"params\":{\"shareYAxis\":true,\"addTooltip\":true,\"addLegend\":true,\"scale\":\"linear\",\"mode\":\"stacked\",\"times\":[],\"addTimeMarker\":false,\"defaultYExtents\":false,\"setYExtents\":false,\"yAxis\":{},\"legendPosition\":\"right\"},\"aggs\":[{\"id\":\"1\",\"enabled\":true,\"type\":\"count\",\"schema\":\"metric\",\"params\":{}},{\"id\":\"2\",\"enabled\":true,\"type\":\"date_histogram\",\"schema\":\"segment\",\"params\":{\"field\":\"@timestamp\",\"interval\":\"auto\",\"customInterval\":\"2h\",\"min_doc_count\":1,\"extended_bounds\":{}}},{\"id\":\"3\",\"enabled\":true,\"type\":\"terms\",\"schema\":\"group\",\"params\":{\"field\":\"cassandra.request.headers.op\",\"size\":5,\"order\":\"desc\",\"orderBy\":\"1\"}}],\"listeners\":{}}"
      },
      "id": "Cassandra-RequestCountStackByType",
      "type": "visualization",
      "version": 2
    },
    {
      "attributes": {
        "description": "",
        "kibanaSavedObjectMeta": {
          "searchSourceJSON": "{\"index\":\"packetbeat-*\",\"query\":{\"query_string\":{\"query\":\"*\",\"analyze_wildcard\":true}},\"filter\":[]}"
        },
        "title": "Cassandra ResponseCountStackByType",
        "uiStateJSON": "{}",
        "version": 1,
        "visState": "{\"title\":\"Cassandra ResponseCountStackByType\",\"type\":\"histogram\",\"params\":{\"shareYAxis\":true,\"addTooltip\":true,\"addLegend\":true,\"scale\":\"linear\",\"mode\":\"stacked\",\"times\":[],\"addTimeMarker\":false,\"defaultYExtents\":false,\"setYExtents\":false,\"yAxis\":{},\"legendPosition\":\"right\"},\"aggs\":[{\"id\":\"1\",\"enabled\":true,\"type\":\"count\",\"schema\":\"metric\",\"params\":{}},{\"id\":\"2\",\"enabled\":true,\"type\":\"date_histogram\",\"schema\":\"segment\",\"params\":{\"field\":\"@timestamp\",\"interval\":\"auto\",\"customInterval\":\"2h\",\"min_doc_count\":1,\"extended_bounds\":{}}},{\"id\":\"3\",\"enabled\":true,\"type\":\"terms\",\"schema\":\"group\",\"params\":{\"field\":\"cassandra.response.headers.op\",\"size\":5,\"order\":\"desc\",\"orderBy\":\"1\"}}],\"listeners\":{}}"
      },
      "id": "Cassandra-ResponseCountStackByType",
      "type": "visualization",
      "version": 2
    },
    {
      "attributes": {
        "description": "",
        "kibanaSavedObjectMeta": {
          "searchSourceJSON": "{\"index\":\"packetbeat-*\",\"query\":{\"query_string\":{\"analyze_wildcard\":true,\"query\":\"*\"}},\"filter\":[]}"
        },
        "title": "Cassandra RequestCountByType",
        "uiStateJSON": "{}",
        "version": 1,
        "visState": "{\"title\":\"Cassandra RequestCountByType\",\"type\":\"line\",\"params\":{\"shareYAxis\":true,\"addTooltip\":true,\"addLegend\":true,\"showCircles\":true,\"smoothLines\":true,\"interpolate\":\"linear\",\"scale\":\"log\",\"drawLinesBetweenPoints\":false,\"radiusRatio\":\"13\",\"times\":[],\"addTimeMarker\":false,\"defaultYExtents\":false,\"setYExtents\":false,\"yAxis\":{},\"legendPosition\":\"right\"},\"aggs\":[{\"id\":\"1\",\"enabled\":true,\"type\":\"count\",\"schema\":\"metric\",\"params\":{}},{\"id\":\"2\",\"enabled\":true,\"type\":\"date_histogram\",\"schema\":\"segment\",\"params\":{\"field\":\"@timestamp\",\"interval\":\"auto\",\"customInterval\":\"2h\",\"min_doc_count\":1,\"extended_bounds\":{}}},{\"id\":\"3\",\"enabled\":true,\"type\":\"terms\",\"schema\":\"group\",\"params\":{\"field\":\"cassandra.request.headers.op\",\"size\":10,\"order\":\"desc\",\"orderBy\":\"1\"}},{\"id\":\"4\",\"enabled\":true,\"type\":\"count\",\"schema\":\"radius\",\"params\":{}}],\"listeners\":{}}"
      },
      "id": "Cassandra-RequestCountByType",
      "type": "visualization",
      "version": 2
    },
    {
      "attributes": {
        "description": "",
        "kibanaSavedObjectMeta": {
          "searchSourceJSON": "{\"index\":\"packetbeat-*\",\"query\":{\"query_string\":{\"analyze_wildcard\":true,\"query\":\"*\"}},\"filter\":[]}"
        },
        "title": "Cassandra ResponseCountByType",
        "uiStateJSON": "{}",
        "version": 1,
        "visState": "{\"title\":\"Cassandra: ResponseCountByType\",\"type\":\"line\",\"params\":{\"shareYAxis\":true,\"addTooltip\":true,\"addLegend\":true,\"showCircles\":true,\"smoothLines\":true,\"interpolate\":\"linear\",\"scale\":\"log\",\"drawLinesBetweenPoints\":false,\"radiusRatio\":\"15\",\"times\":[],\"addTimeMarker\":false,\"defaultYExtents\":false,\"setYExtents\":false,\"yAxis\":{}},\"aggs\":[{\"id\":\"1\",\"type\":\"count\",\"schema\":\"metric\",\"params\":{}},{\"id\":\"2\",\"type\":\"date_histogram\",\"schema\":\"segment\",\"params\":{\"field\":\"@timestamp\",\"interval\":\"auto\",\"customInterval\":\"2h\",\"min_doc_count\":1,\"extended_bounds\":{}}},{\"id\":\"3\",\"type\":\"terms\",\"schema\":\"group\",\"params\":{\"field\":\"cassandra.response.headers.op\",\"size\":10,\"order\":\"desc\",\"orderBy\":\"1\"}},{\"id\":\"4\",\"type\":\"count\",\"schema\":\"radius\",\"params\":{}}],\"listeners\":{}}"
      },
      "id": "Cassandra-ResponseCountByType",
      "type": "visualization",
      "version": 2
    },
    {
      "attributes": {
        "description": "",
        "kibanaSavedObjectMeta": {
          "searchSourceJSON": "{\"query\":{\"query_string\":{\"analyze_wildcard\":true,\"query\":\"*\"}},\"filter\":[]}"
        },
        "title": "Navigation",
        "uiStateJSON": "{}",
        "version": 1,
        "visState": "{\"title\":\"Navigation\",\"type\":\"markdown\",\"params\":{\"markdown\":\"### Packetbeat:\\n\\n[Overview](#/dashboard/Packetbeat-Dashboard)\\n\\n[Flows](#/dashboard/Packetbeat-Flows)\\n\\n[Web transactions](#/dashboard/Packetbeat-HTTP)\\n\\n[MySQL performance](#/dashboard/Packetbeat-MySQL-performance)\\n\\n[PostgreSQL performance](#/dashboard/Packetbeat-PgSQL-performance)\\n\\n[MongoDB performance](#/dashboard/Packetbeat-MongoDB-performance)\\n\\n[Thrift-RPC performance](#/dashboard/Packetbeat-Thrift-performance)\\n\\n[NFS transactions](#/dashboard/Packetbeat-NFS)\\n\\n[Cassandra performance](#/dashboard/Packetbeat-Cassandra)\"},\"aggs\":[],\"listeners\":{}}"
      },
      "id": "Navigation",
      "type": "visualization",
      "version": 18
    },
    {
      "attributes": {
        "columns": [
          "cassandra.request.query",
          "cassandra.response.result.rows.meta.keyspace",
          "cassandra.response.result.rows.meta.table",
          "cassandra.response.result.rows.num_rows"
        ],
        "description": "",
        "hits": 0,
        "kibanaSavedObjectMeta": {
          "searchSourceJSON": "{\"index\":\"packetbeat-*\",\"query\":{\"query_string\":{\"analyze_wildcard\":true,\"query\":\"*\"}},\"filter\":[{\"meta\":{\"negate\":false,\"index\":\"packetbeat-*\",\"key\":\"cassandra.request.headers.op\",\"value\":\"QUERY\",\"disabled\":false,\"alias\":null},\"query\":{\"match\":{\"cassandra.request.headers.op\":{\"query\":\"QUERY\",\"type\":\"phrase\"}}},\"$state\":{\"store\":\"appState\"}},{\"meta\":{\"negate\":true,\"index\":\"packetbeat-*\",\"key\":\"cassandra.response.headers.op\",\"value\":\"ERROR\",\"disabled\":false,\"alias\":null},\"query\":{\"match\":{\"cassandra.response.headers.op\":{\"query\":\"ERROR\",\"type\":\"phrase\"}}},\"$state\":{\"store\":\"appState\"}}],\"highlight\":{\"pre_tags\":[\"@kibana-highlighted-field@\"],\"post_tags\":[\"@/kibana-highlighted-field@\"],\"fields\":{\"*\":{}},\"require_field_match\":false,\"fragment_size\":2147483647}}"
        },
        "sort": [
          "@timestamp",
          "desc"
        ],
        "title": "Cassandra QueryView",
        "version": 1
      },
      "id": "Cassandra-QueryView",
      "type": "search",
      "version": 2
    },
    {
      "attributes": {
        "description": "",
        "hits": 0,
        "kibanaSavedObjectMeta": {
          "searchSourceJSON": "{\"filter\":[{\"query\":{\"query_string\":{\"analyze_wildcard\":true,\"query\":\"*\"}}}]}"
        },
        "optionsJSON": "{\"darkTheme\":false}",
        "panelsJSON": "[{\"col\":10,\"id\":\"Cassandra-ResponseKeyspace\",\"panelIndex\":3,\"row\":3,\"size_x\":3,\"size_y\":2,\"type\":\"visualization\"},{\"col\":7,\"id\":\"Cassandra-ResponseType\",\"panelIndex\":4,\"row\":3,\"size_x\":3,\"size_y\":2,\"type\":\"visualization\"},{\"col\":1,\"id\":\"Cassandra-ResponseTime\",\"panelIndex\":9,\"row\":5,\"size_x\":12,\"size_y\":2,\"type\":\"visualization\"},{\"col\":4,\"id\":\"Cassandra-RequestCount\",\"panelIndex\":10,\"row\":1,\"size_x\":9,\"size_y\":2,\"type\":\"visualization\"},{\"col\":4,\"id\":\"Cassandra-Ops\",\"panelIndex\":11,\"row\":3,\"size_x\":3,\"size_y\":2,\"type\":\"visualization\"},{\"col\":1,\"id\":\"Cassandra-RequestCountStackByType\",\"panelIndex\":15,\"row\":7,\"size_x\":12,\"size_y\":2,\"type\":\"visualization\"},{\"col\":1,\"id\":\"Cassandra-ResponseCountStackByType\",\"panelIndex\":16,\"row\":9,\"size_x\":12,\"size_y\":2,\"type\":\"visualization\"},{\"col\":1,\"id\":\"Cassandra-RequestCountByType\",\"panelIndex\":17,\"row\":11,\"size_x\":6,\"size_y\":3,\"type\":\"visualization\"},{\"col\":7,\"id\":\"Cassandra-ResponseCountByType\",\"panelIndex\":18,\"row\":11,\"size_x\":6,\"size_y\":3,\"type\":\"visualization\"},{\"col\":1,\"id\":\"Navigation\",\"panelIndex\":19,\"row\":1,\"size_x\":3,\"size_y\":4,\"type\":\"visualization\"},{\"id\":\"Cassandra-QueryView\",\"type\":\"search\",\"panelIndex\":20,\"size_x\":12,\"size_y\":3,\"col\":1,\"row\":14,\"columns\":[\"cassandra.request.query\",\"cassandra.response.result.rows.meta.keyspace\",\"cassandra.response.result.rows.meta.table\",\"cassandra.response.result.rows.num_rows\"],\"sort\":[\"@timestamp\",\"desc\"]}]",
        "timeRestore": false,
        "title": "Packetbeat Cassandra",
        "uiStateJSON": "{\"P-10\":{\"vis\":{\"legendOpen\":false}},\"P-17\":{\"vis\":{\"legendOpen\":false}},\"P-18\":{\"vis\":{\"legendOpen\":false}}}",
        "version": 1
      },
      "id": "Packetbeat-Cassandra",
      "type": "dashboard",
      "version": 2
    }
  ],
  "version": "6.0.0-alpha3-SNAPSHOT"
}