{
  "objects": [
    {
      "attributes": {
        "description": "",
        "kibanaSavedObjectMeta": {
          "searchSourceJSON": "{\"filter\":[]}"
        },
        "savedSearchId": "MySQL-errors",
        "title": "MySQL Errors",
        "uiStateJSON": "{}",
        "version": 1,
        "visState": "{\"title\":\"MySQL Errors\",\"type\":\"area\",\"params\":{\"shareYAxis\":true,\"addTooltip\":true,\"addLegend\":false,\"mode\":\"stacked\",\"defaultYExtents\":false,\"smoothLines\":false,\"scale\":\"linear\",\"interpolate\":\"linear\",\"times\":[],\"addTimeMarker\":false,\"setYExtents\":false,\"yAxis\":{}},\"aggs\":[{\"id\":\"1\",\"type\":\"count\",\"schema\":\"metric\",\"params\":{}},{\"id\":\"2\",\"type\":\"date_histogram\",\"schema\":\"segment\",\"params\":{\"field\":\"@timestamp\",\"interval\":\"auto\",\"customInterval\":\"2h\",\"min_doc_count\":1,\"extended_bounds\":{}}}],\"listeners\":{}}"
      },
      "id": "MySQL-Errors",
      "type": "visualization",
      "version": 2
    },
    {
      "attributes": {
        "description": "",
        "kibanaSavedObjectMeta": {
          "searchSourceJSON": "{\"filter\":[]}"
        },
        "savedSearchId": "MySQL-Transactions",
        "title": "MySQL Methods",
        "uiStateJSON": "{}",
        "version": 1,
        "visState": "{\"title\":\"MySQL Methods\",\"type\":\"area\",\"params\":{\"shareYAxis\":true,\"addTooltip\":true,\"addLegend\":true,\"mode\":\"wiggle\",\"defaultYExtents\":false,\"smoothLines\":false,\"scale\":\"linear\",\"interpolate\":\"linear\",\"times\":[],\"addTimeMarker\":false,\"setYExtents\":false,\"yAxis\":{}},\"aggs\":[{\"id\":\"1\",\"type\":\"count\",\"schema\":\"metric\",\"params\":{}},{\"id\":\"2\",\"type\":\"date_histogram\",\"schema\":\"segment\",\"params\":{\"field\":\"@timestamp\",\"interval\":\"auto\",\"customInterval\":\"2h\",\"min_doc_count\":1,\"extended_bounds\":{}}},{\"id\":\"3\",\"type\":\"terms\",\"schema\":\"group\",\"params\":{\"field\":\"method\",\"size\":20,\"order\":\"desc\",\"orderBy\":\"1\"}}],\"listeners\":{}}"
      },
      "id": "MySQL-Methods",
      "type": "visualization",
      "version": 2
    },
    {
      "attributes": {
        "description": "",
        "kibanaSavedObjectMeta": {
          "searchSourceJSON": "{\"query\":{\"query_string\":{\"analyze_wildcard\":true,\"query\":\"*\"}},\"filter\":[]}"
        },
        "title": "Navigation",
        "uiStateJSON": "{}",
        "version": 1,
        "visState": "{\"title\":\"Navigation\",\"type\":\"markdown\",\"params\":{\"markdown\":\"### Packetbeat:\\n\\n[Overview](#/dashboard/Packetbeat-Dashboard)\\n\\n[Flows](#/dashboard/Packetbeat-Flows)\\n\\n[Web transactions](#/dashboard/Packetbeat-HTTP)\\n\\n[MySQL performance](#/dashboard/Packetbeat-MySQL-performance)\\n\\n[PostgreSQL performance](#/dashboard/Packetbeat-PgSQL-performance)\\n\\n[MongoDB performance](#/dashboard/Packetbeat-MongoDB-performance)\\n\\n[Thrift-RPC performance](#/dashboard/Packetbeat-Thrift-performance)\\n\\n[NFS transactions](#/dashboard/Packetbeat-NFS)\\n\\n[Cassandra performance](#/dashboard/Packetbeat-Cassandra)\"},\"aggs\":[],\"listeners\":{}}"
      },
      "id": "Navigation",
      "type": "visualization",
      "version": 18
    },
    {
      "attributes": {
        "description": "",
        "kibanaSavedObjectMeta": {
          "searchSourceJSON": "{\"filter\":[]}"
        },
        "savedSearchId": "MySQL-Transactions",
        "title": "MySQL throughput",
        "version": 1,
        "visState": "{\"type\":\"line\",\"params\":{\"shareYAxis\":true,\"addTooltip\":true,\"addLegend\":true,\"defaultYExtents\":false},\"aggs\":[{\"id\":\"1\",\"type\":\"sum\",\"schema\":\"metric\",\"params\":{\"field\":\"bytes_out\"}},{\"id\":\"3\",\"type\":\"sum\",\"schema\":\"metric\",\"params\":{\"field\":\"bytes_in\"}},{\"id\":\"4\",\"type\":\"date_histogram\",\"schema\":\"segment\",\"params\":{\"field\":\"@timestamp\",\"interval\":\"auto\",\"min_doc_count\":1,\"extended_bounds\":{}}}],\"listeners\":{}}"
      },
      "id": "MySQL-throughput",
      "type": "visualization",
      "version": 2
    },
    {
      "attributes": {
        "description": "",
        "kibanaSavedObjectMeta": {
          "searchSourceJSON": "{\"filter\":[]}"
        },
        "savedSearchId": "MySQL-Transactions",
        "title": "Most frequent MySQL queries",
        "uiStateJSON": "{}",
        "version": 1,
        "visState": "{\"title\":\"Most frequent MySQL queries\",\"type\":\"table\",\"params\":{\"perPage\":10,\"showPartialRows\":false,\"showMeticsAtAllLevels\":false},\"aggs\":[{\"id\":\"1\",\"type\":\"count\",\"schema\":\"metric\",\"params\":{}},{\"id\":\"2\",\"type\":\"terms\",\"schema\":\"bucket\",\"params\":{\"field\":\"query\",\"size\":10,\"order\":\"desc\",\"orderBy\":\"1\"}}],\"listeners\":{}}"
      },
      "id": "Most-frequent-MySQL-queries",
      "type": "visualization",
      "version": 2
    },
    {
      "attributes": {
        "description": "",
        "kibanaSavedObjectMeta": {
          "searchSourceJSON": "{\"filter\":[]}"
        },
        "savedSearchId": "MySQL-Transactions",
        "title": "Slowest MySQL queries",
        "version": 1,
        "visState": "{\"type\":\"table\",\"params\":{\"perPage\":10,\"showPartialRows\":false,\"showMeticsAtAllLevels\":false},\"aggs\":[{\"id\":\"1\",\"type\":\"avg\",\"schema\":\"metric\",\"params\":{\"field\":\"responsetime\"}},{\"id\":\"2\",\"type\":\"terms\",\"schema\":\"bucket\",\"params\":{\"field\":\"query\",\"size\":10,\"order\":\"desc\",\"orderBy\":\"1\"}}],\"listeners\":{}}"
      },
      "id": "Slowest-MySQL-queries",
      "type": "visualization",
      "version": 2
    },
    {
      "attributes": {
        "description": "",
        "kibanaSavedObjectMeta": {
          "searchSourceJSON": "{\"filter\":[]}"
        },
        "savedSearchId": "MySQL-Transactions",
        "title": "Mysql response times percentiles",
        "version": 1,
        "visState": "{\"type\":\"line\",\"params\":{\"shareYAxis\":true,\"addTooltip\":true,\"addLegend\":true,\"defaultYExtents\":false},\"aggs\":[{\"id\":\"1\",\"type\":\"percentiles\",\"schema\":\"metric\",\"params\":{\"field\":\"responsetime\",\"percents\":[75,99,99.5]}},{\"id\":\"2\",\"type\":\"date_histogram\",\"schema\":\"segment\",\"params\":{\"field\":\"@timestamp\",\"interval\":\"auto\",\"min_doc_count\":1,\"extended_bounds\":{}}}],\"listeners\":{}}"
      },
      "id": "Mysql-response-times-percentiles",
      "type": "visualization",
      "version": 2
    },
    {
      "attributes": {
        "description": "",
        "kibanaSavedObjectMeta": {
          "searchSourceJSON": "{\"filter\":[]}"
        },
        "savedSearchId": "MySQL-Transactions",
        "title": "MySQL Reads vs Writes",
        "uiStateJSON": "{}",
        "version": 1,
        "visState": "{\"title\":\"MySQL Reads vs Writes\",\"type\":\"area\",\"params\":{\"shareYAxis\":true,\"addTooltip\":true,\"addLegend\":true,\"mode\":\"stacked\",\"defaultYExtents\":false,\"smoothLines\":false,\"scale\":\"linear\",\"interpolate\":\"linear\",\"times\":[],\"addTimeMarker\":false,\"setYExtents\":false,\"yAxis\":{}},\"aggs\":[{\"id\":\"1\",\"type\":\"count\",\"schema\":\"metric\",\"params\":{}},{\"id\":\"2\",\"type\":\"date_histogram\",\"schema\":\"segment\",\"params\":{\"field\":\"@timestamp\",\"interval\":\"auto\",\"customInterval\":\"2h\",\"min_doc_count\":1,\"extended_bounds\":{}}},{\"id\":\"3\",\"type\":\"filters\",\"schema\":\"group\",\"params\":{\"filters\":[{\"input\":{\"query\":{\"query_string\":{\"query\":\"method: SELECT\",\"analyze_wildcard\":true}}}},{\"input\":{\"query\":{\"query_string\":{\"query\":\"method: INSERT or method: UPDATE or method: DELETE\",\"analyze_wildcard\":true}}}}]}}],\"listeners\":{}}"
      },
      "id": "MySQL-Reads-vs-Writes",
      "type": "visualization",
      "version": 2
    },
    {
      "attributes": {
        "columns": [
          "method",
          "type",
          "path",
          "responsetime",
          "status"
        ],
        "description": "",
        "hits": 0,
        "kibanaSavedObjectMeta": {
          "searchSourceJSON": "{\"index\":\"packetbeat-*\",\"highlight\":{\"pre_tags\":[\"@kibana-highlighted-field@\"],\"post_tags\":[\"@/kibana-highlighted-field@\"],\"fields\":{\"*\":{}}},\"filter\":[{\"meta\":{\"disabled\":false,\"index\":\"packetbeat-*\",\"key\":\"type\",\"negate\":false,\"value\":\"mysql\"},\"query\":{\"match\":{\"type\":{\"query\":\"mysql\",\"type\":\"phrase\"}}}},{\"meta\":{\"index\":\"packetbeat-*\",\"negate\":true,\"key\":\"status\",\"value\":\"OK\",\"disabled\":false},\"query\":{\"match\":{\"status\":{\"query\":\"OK\",\"type\":\"phrase\"}}}}],\"query\":{\"query_string\":{\"analyze_wildcard\":true,\"query\":\"*\"}}}"
        },
        "sort": [
          "@timestamp",
          "desc"
        ],
        "title": "MySQL errors",
        "version": 1
      },
      "id": "MySQL-errors",
      "type": "search",
      "version": 2
    },
    {
      "attributes": {
        "columns": [
          "method",
          "type",
          "path",
          "responsetime",
          "status"
        ],
        "description": "",
        "hits": 0,
        "kibanaSavedObjectMeta": {
          "searchSourceJSON": "{\"index\":\"packetbeat-*\",\"highlight\":{\"pre_tags\":[\"@kibana-highlighted-field@\"],\"post_tags\":[\"@/kibana-highlighted-field@\"],\"fields\":{\"*\":{}}},\"filter\":[{\"meta\":{\"index\":\"packetbeat-*\",\"negate\":false,\"key\":\"type\",\"value\":\"mysql\",\"disabled\":false},\"query\":{\"match\":{\"type\":{\"query\":\"mysql\",\"type\":\"phrase\"}}}}],\"query\":{\"query_string\":{\"analyze_wildcard\":true,\"query\":\"*\"}}}"
        },
        "sort": [
          "@timestamp",
          "desc"
        ],
        "title": "MySQL Transactions",
        "version": 1
      },
      "id": "MySQL-Transactions",
      "type": "search",
      "version": 12
    },
    {
      "attributes": {
        "description": "",
        "hits": 0,
        "kibanaSavedObjectMeta": {
          "searchSourceJSON": "{\"filter\":[{\"query\":{\"query_string\":{\"analyze_wildcard\":true,\"query\":\"*\"}}}]}"
        },
        "optionsJSON": "{\"darkTheme\":false}",
        "panelsJSON": "[{\"col\":4,\"id\":\"MySQL-Errors\",\"panelIndex\":1,\"row\":1,\"size_x\":5,\"size_y\":4,\"type\":\"visualization\"},{\"col\":9,\"id\":\"MySQL-Methods\",\"panelIndex\":2,\"row\":1,\"size_x\":4,\"size_y\":4,\"type\":\"visualization\"},{\"col\":1,\"id\":\"Navigation\",\"panelIndex\":3,\"row\":1,\"size_x\":3,\"size_y\":4,\"type\":\"visualization\"},{\"col\":7,\"id\":\"MySQL-throughput\",\"panelIndex\":4,\"row\":8,\"size_x\":6,\"size_y\":3,\"type\":\"visualization\"},{\"col\":1,\"id\":\"Most-frequent-MySQL-queries\",\"panelIndex\":5,\"row\":11,\"size_x\":6,\"size_y\":6,\"type\":\"visualization\"},{\"col\":7,\"id\":\"Slowest-MySQL-queries\",\"panelIndex\":6,\"row\":11,\"size_x\":6,\"size_y\":6,\"type\":\"visualization\"},{\"col\":1,\"id\":\"Mysql-response-times-percentiles\",\"panelIndex\":7,\"row\":5,\"size_x\":12,\"size_y\":3,\"type\":\"visualization\"},{\"col\":1,\"id\":\"MySQL-Reads-vs-Writes\",\"panelIndex\":8,\"row\":8,\"size_x\":6,\"size_y\":3,\"type\":\"visualization\"}]",
        "timeRestore": false,
        "title": "Packetbeat MySQL performance",
        "uiStateJSON": "{\"P-5\":{\"vis\":{\"params\":{\"sort\":{\"columnIndex\":null,\"direction\":null}}}},\"P-6\":{\"vis\":{\"params\":{\"sort\":{\"columnIndex\":null,\"direction\":null}}}}}",
        "version": 1
      },
      "id": "Packetbeat-MySQL-performance",
      "type": "dashboard",
      "version": 2
    }
  ],
  "version": "6.0.0-alpha3-SNAPSHOT"
}