{
  "objects": [
    {
      "attributes": {
        "description": "",
        "kibanaSavedObjectMeta": {
          "searchSourceJSON": "{}"
        },
        "title": "Overview [Metricbeat uWSGI]",
        "uiStateJSON": "{}",
        "version": 1,
        "visState": "{\"type\":\"timelion\",\"title\":\"Overview [Metricbeat uWSGI]\",\"params\":{\"expression\":\".es(metric=avg:uwsgi.status.total.requests).derivative().label('Requests').title('Overview of requests per period'),\\n.es(metric=avg:uwsgi.status.total.exceptions).derivative().label('Exceptions'),\\n.es(metric=max:uwsgi.status.worker.avg_rt).label('Average response time').yaxis(2)\",\"interval\":\"15s\"}}"
      },
      "id": "a5058e70-f0ae-11e7-b9ff-9f96241065de",
      "type": "visualization",
      "version": 1
    },
    {
      "attributes": {
        "description": "",
        "kibanaSavedObjectMeta": {
          "searchSourceJSON": "{}"
        },
        "title": "Memory usage [Metricbeat uWSGI]",
        "uiStateJSON": "{}",
        "version": 1,
        "visState": "{\"type\":\"timelion\",\"title\":\"Memory usage [Metricbeat uWSGI]\",\"params\":{\"expression\":\".es(metric=max:uwsgi.status.worker.rss).label('Currently used (rss)').title('Memory usage'),\\n.es(metric=max:uwsgi.status.worker.vsz).label('Assigned (vsz)').yaxis(2)\",\"interval\":\"15s\"}}"
      },
      "id": "ac7194b0-f0ae-11e7-b9ff-9f96241065de",
      "type": "visualization",
      "version": 1
    },
    {
      "attributes": {
        "description": "",
        "kibanaSavedObjectMeta": {
          "searchSourceJSON": "{}"
        },
        "title": "Workers [Metricbeat uWSGI]",
        "uiStateJSON": "{}",
        "version": 1,
        "visState": "{\"type\":\"timelion\",\"title\":\"Workers [Metricbeat uWSGI]\",\"params\":{\"expression\":\".es(split=uwsgi.status.core.id:16,metric=max:uwsgi.status.core.requests.total).derivative().bars().title('Requests handled by each thread (core) per period')\",\"interval\":\"15s\"}}"
      },
      "id": "8c5f96e0-f0ae-11e7-b9ff-9f96241065de",
      "type": "visualization",
      "version": 1
    },
    {
      "attributes": {
        "description": "",
        "kibanaSavedObjectMeta": {
          "searchSourceJSON": "{}"
        },
        "title": "Errors [Metricbeat uWSGI]",
        "uiStateJSON": "{}",
        "version": 1,
        "visState": "{\"type\":\"timelion\",\"title\":\"Errors [Metricbeat uWSGI]\",\"params\":{\"expression\":\".es(metric=max:uwsgi.status.total.read_errors).label('Read errors').title('Errors'),\\n.es(metric=max:uwsgi.status.total.write_errors).label('Write errors'),\\n.es(metric=max:uwsgi.status.worker.harakiri_count).label('Timeouted requests')\",\"interval\":\"15s\"}}"
      },
      "id": "ba4a80b0-f0ae-11e7-b9ff-9f96241065de",
      "type": "visualization",
      "version": 1
    },
    {
      "attributes": {
        "columns": [
          "_source"
        ],
        "description": "",
        "hits": 0,
        "kibanaSavedObjectMeta": {
            "searchSourceJSON": "{\"index\":\"metricbeat-*\",\"highlightAll\":true,\"version\":true,\"query\":{\"language\":\"lucene\",\"query\":\"metricset.module: uwsgi\"},\"filter\":[]}"
        },
        "sort": [
          "@timestamp",
          "desc"
        ],
        "title": "Metricbeat uWSGI status",
        "version": 1
      },
      "id": "Metricbeat uWSGI status",
      "type": "search",
      "version": 1
    },
    {
      "attributes": {
        "description": "",
        "hits": 0,
        "kibanaSavedObjectMeta": {
          "searchSourceJSON": "{\"query\":{\"language\":\"lucene\",\"query\":\"\"},\"filter\":[],\"highlightAll\":true,\"version\":true}"
        },
        "optionsJSON": "{\"darkTheme\":false}",
        "panelsJSON": "[{\"col\":1,\"id\":\"a5058e70-f0ae-11e7-b9ff-9f96241065de\",\"panelIndex\":1,\"row\":1,\"size_x\":6,\"size_y\":3,\"type\":\"visualization\"},{\"col\":7,\"id\":\"ac7194b0-f0ae-11e7-b9ff-9f96241065de\",\"panelIndex\":2,\"row\":1,\"size_x\":6,\"size_y\":3,\"type\":\"visualization\"},{\"col\":1,\"id\":\"8c5f96e0-f0ae-11e7-b9ff-9f96241065de\",\"panelIndex\":3,\"row\":4,\"size_x\":6,\"size_y\":3,\"type\":\"visualization\"},{\"col\":7,\"id\":\"ba4a80b0-f0ae-11e7-b9ff-9f96241065de\",\"panelIndex\":4,\"row\":4,\"size_x\":6,\"size_y\":3,\"type\":\"visualization\"}]",
        "timeRestore": false,
        "title": "[Metricbeat uWSGI] Overview",
        "uiStateJSON": "{}",
        "version": 1
      },
      "id": "32fca290-f0af-11e7-b9ff-9f96241065de",
      "type": "dashboard",
      "version": 1
    }
  ],
  "version": "6.0.0-rc1"
}
