{
  "objects": [
    {
      "attributes": {
        "description": "",
        "kibanaSavedObjectMeta": {
          "searchSourceJSON": "{\"index\":\"metricbeat-*\",\"query\":{\"query_string\":{\"query\":\"*\",\"analyze_wildcard\":true}},\"filter\":[]}"
        },
        "title": "Container CPU usage",
        "uiStateJSON": "{\"vis\":{\"params\":{\"sort\":{\"columnIndex\":null,\"direction\":null}}}}",
        "version": 1,
        "visState": "{\"title\":\"Container CPU usage\",\"type\":\"table\",\"params\":{\"perPage\":10,\"showPartialRows\":false,\"showMeticsAtAllLevels\":false,\"sort\":{\"columnIndex\":null,\"direction\":null},\"showTotal\":false,\"totalFunc\":\"sum\"},\"aggs\":[{\"id\":\"1\",\"enabled\":true,\"type\":\"max\",\"schema\":\"metric\",\"params\":{\"field\":\"system.process.cgroup.cpuacct.stats.user.ns\",\"customLabel\":\"CPU user\"}},{\"id\":\"2\",\"enabled\":true,\"type\":\"max\",\"schema\":\"metric\",\"params\":{\"field\":\"system.process.cgroup.cpu.cfs.quota.us\",\"customLabel\":\"CPU quota\"}},{\"id\":\"3\",\"enabled\":true,\"type\":\"terms\",\"schema\":\"bucket\",\"params\":{\"field\":\"system.process.cgroup.id\",\"size\":5,\"order\":\"desc\",\"orderBy\":\"1\",\"customLabel\":\"Container ID\"}},{\"id\":\"4\",\"enabled\":true,\"type\":\"max\",\"schema\":\"metric\",\"params\":{\"field\":\"system.process.cgroup.cpu.stats.throttled.ns\",\"customLabel\":\"CPU throttling\"}},{\"id\":\"5\",\"enabled\":true,\"type\":\"max\",\"schema\":\"metric\",\"params\":{\"field\":\"system.process.cgroup.cpuacct.stats.system.ns\",\"customLabel\":\"CPU kernel\"}},{\"id\":\"6\",\"enabled\":true,\"type\":\"terms\",\"schema\":\"bucket\",\"params\":{\"field\":\"system.process.name\",\"size\":5,\"order\":\"desc\",\"orderBy\":\"1\",\"customLabel\":\"Process name\"}}],\"listeners\":{}}"
      },
      "id": "Container-CPU-usage",
      "type": "visualization",
      "version": 1
    },
    {
      "attributes": {
        "description": "",
        "kibanaSavedObjectMeta": {
          "searchSourceJSON": "{\"query\":{\"query_string\":{\"analyze_wildcard\":true,\"query\":\"*\"}},\"filter\":[]}"
        },
        "title": "System Navigation",
        "uiStateJSON": "{}",
        "version": 1,
        "visState": "{\"title\":\"System Navigation\",\"type\":\"markdown\",\"params\":{\"markdown\":\"[System Overview](#/dashboard/Metricbeat-system-overview)  | [Host Overview (requires Kibana =\u003e 5.4)](#/dashboard/79ffd6e0-faa0-11e6-947f-177f697178b8) |\\n[Docker containers overview](#/dashboard/CPU-slash-Memory-per-container)\"},\"aggs\":[],\"listeners\":{}}"
      },
      "id": "System-Navigation",
      "type": "visualization",
      "version": 2
    },
    {
      "attributes": {
        "description": "",
        "kibanaSavedObjectMeta": {
          "searchSourceJSON": "{\"index\":\"metricbeat-*\",\"query\":{\"query_string\":{\"query\":\"*\",\"analyze_wildcard\":true}},\"filter\":[]}"
        },
        "title": "Container Memory stats",
        "uiStateJSON": "{\"vis\":{\"params\":{\"sort\":{\"columnIndex\":null,\"direction\":null}}}}",
        "version": 1,
        "visState": "{\"title\":\"Container Memory stats\",\"type\":\"table\",\"params\":{\"perPage\":10,\"showMeticsAtAllLevels\":false,\"showPartialRows\":false,\"showTotal\":false,\"sort\":{\"columnIndex\":null,\"direction\":null},\"totalFunc\":\"sum\"},\"aggs\":[{\"id\":\"13\",\"enabled\":true,\"type\":\"avg\",\"schema\":\"metric\",\"params\":{\"field\":\"system.process.cgroup.memory.mem.usage.bytes\",\"customLabel\":\"Usage\"}},{\"id\":\"14\",\"enabled\":true,\"type\":\"avg\",\"schema\":\"metric\",\"params\":{\"field\":\"system.process.cgroup.memory.mem.usage.max.bytes\",\"customLabel\":\"Max usage\"}},{\"id\":\"1\",\"enabled\":true,\"type\":\"avg\",\"schema\":\"metric\",\"params\":{\"field\":\"system.process.cgroup.memory.stats.page_faults\",\"customLabel\":\"Page faults\"}},{\"id\":\"2\",\"enabled\":true,\"type\":\"avg\",\"schema\":\"metric\",\"params\":{\"field\":\"system.process.cgroup.memory.stats.pages_in\",\"customLabel\":\"Pages in memory\"}},{\"id\":\"3\",\"enabled\":true,\"type\":\"avg\",\"schema\":\"metric\",\"params\":{\"field\":\"system.process.cgroup.memory.stats.pages_out\",\"customLabel\":\"Pages out of memory\"}},{\"id\":\"4\",\"enabled\":true,\"type\":\"terms\",\"schema\":\"bucket\",\"params\":{\"field\":\"system.process.cgroup.id\",\"size\":50,\"order\":\"desc\",\"orderBy\":\"1\",\"customLabel\":\"Container ID\"}},{\"id\":\"5\",\"enabled\":true,\"type\":\"avg\",\"schema\":\"metric\",\"params\":{\"field\":\"system.process.cgroup.memory.stats.inactive_file.bytes\",\"customLabel\":\"Inactive files\"}},{\"id\":\"6\",\"enabled\":true,\"type\":\"avg\",\"schema\":\"metric\",\"params\":{\"field\":\"system.process.cgroup.memory.stats.major_page_faults\",\"customLabel\":\"# Major page faults\"}},{\"id\":\"8\",\"enabled\":true,\"type\":\"terms\",\"schema\":\"bucket\",\"params\":{\"field\":\"system.process.name\",\"size\":5,\"order\":\"desc\",\"orderBy\":\"1\",\"customLabel\":\"Process name\"}},{\"id\":\"12\",\"enabled\":true,\"type\":\"avg\",\"schema\":\"metric\",\"params\":{\"field\":\"system.process.cgroup.memory.mem.failures\",\"customLabel\":\"Failures\"}},{\"id\":\"10\",\"enabled\":true,\"type\":\"avg\",\"schema\":\"metric\",\"params\":{\"field\":\"system.process.cgroup.memory.kmem_tcp.usage.bytes\",\"customLabel\":\"TCP buffers\"}},{\"id\":\"11\",\"enabled\":true,\"type\":\"avg\",\"schema\":\"metric\",\"params\":{\"field\":\"system.process.cgroup.memory.stats.rss_huge.bytes\",\"customLabel\":\"Huge pages\"}},{\"id\":\"7\",\"enabled\":true,\"type\":\"avg\",\"schema\":\"metric\",\"params\":{\"field\":\"system.process.cgroup.memory.stats.rss.bytes\",\"customLabel\":\"Swap caches\"}},{\"id\":\"15\",\"enabled\":true,\"type\":\"avg\",\"schema\":\"metric\",\"params\":{\"field\":\"system.process.cgroup.memory.stats.swap.bytes\",\"customLabel\":\"Swap usage\"}},{\"id\":\"16\",\"enabled\":true,\"type\":\"avg\",\"schema\":\"metric\",\"params\":{\"field\":\"system.process.cgroup.blkio.total.ios\",\"customLabel\":\"Block I/O\"}}],\"listeners\":{}}"
      },
      "id": "Container-Memory-stats",
      "type": "visualization",
      "version": 1
    },
    {
      "attributes": {
        "description": "",
        "kibanaSavedObjectMeta": {
          "searchSourceJSON": "{\"index\":\"metricbeat-*\",\"query\":{\"query_string\":{\"analyze_wildcard\":true,\"query\":\"*\"}},\"filter\":[]}"
        },
        "title": "Container Block IO",
        "uiStateJSON": "{\"vis\":{\"params\":{\"sort\":{\"columnIndex\":null,\"direction\":null}}}}",
        "version": 1,
        "visState": "{\"aggs\":[{\"enabled\":true,\"id\":\"1\",\"params\":{\"customLabel\":\"Total\",\"field\":\"system.process.cgroup.blkio.total.bytes\"},\"schema\":\"metric\",\"type\":\"avg\"},{\"enabled\":true,\"id\":\"2\",\"params\":{\"customLabel\":\"I/O\",\"field\":\"system.process.cgroup.blkio.total.ios\"},\"schema\":\"metric\",\"type\":\"avg\"},{\"enabled\":true,\"id\":\"3\",\"params\":{\"customLabel\":\"Container ID\",\"field\":\"system.process.cgroup.id\",\"order\":\"desc\",\"orderBy\":\"1\",\"size\":5},\"schema\":\"bucket\",\"type\":\"terms\"},{\"enabled\":true,\"id\":\"4\",\"params\":{\"customLabel\":\"Process name\",\"field\":\"system.process.name\",\"order\":\"desc\",\"orderBy\":\"1\",\"size\":5},\"schema\":\"bucket\",\"type\":\"terms\"}],\"listeners\":{},\"params\":{\"perPage\":10,\"showMeticsAtAllLevels\":false,\"showPartialRows\":false,\"showTotal\":false,\"sort\":{\"columnIndex\":null,\"direction\":null},\"totalFunc\":\"sum\"},\"title\":\"Container Block IO\",\"type\":\"table\"}"
      },
      "id": "Container-Block-IO",
      "type": "visualization",
      "version": 1
    },
    {
      "attributes": {
        "description": "",
        "hits": 0,
        "kibanaSavedObjectMeta": {
          "searchSourceJSON": "{\"filter\":[{\"query\":{\"query_string\":{\"analyze_wildcard\":true,\"query\":\"*\"}}}],\"highlightAll\":true,\"version\":true}"
        },
        "optionsJSON": "{\"darkTheme\":false}",
        "panelsJSON": "[{\"col\":1,\"id\":\"Container-CPU-usage\",\"panelIndex\":2,\"row\":2,\"size_x\":12,\"size_y\":3,\"type\":\"visualization\"},{\"col\":1,\"id\":\"System-Navigation\",\"panelIndex\":3,\"row\":1,\"size_x\":12,\"size_y\":1,\"type\":\"visualization\"},{\"col\":1,\"id\":\"Container-Memory-stats\",\"panelIndex\":4,\"row\":5,\"size_x\":12,\"size_y\":3,\"type\":\"visualization\"},{\"col\":1,\"id\":\"Container-Block-IO\",\"panelIndex\":5,\"row\":8,\"size_x\":12,\"size_y\":4,\"type\":\"visualization\"}]",
        "timeRestore": false,
        "title": "Metricbeat CPU/Memory per container",
        "uiStateJSON": "{\"P-2\":{\"vis\":{\"params\":{\"sort\":{\"columnIndex\":null,\"direction\":null}}}},\"P-4\":{\"vis\":{\"params\":{\"sort\":{\"columnIndex\":null,\"direction\":null}}}},\"P-5\":{\"vis\":{\"params\":{\"sort\":{\"columnIndex\":null,\"direction\":null}}}}}",
        "version": 1
      },
      "id": "CPU-slash-Memory-per-container",
      "type": "dashboard",
      "version": 1
    }
  ],
  "version": "6.0.0-alpha3-SNAPSHOT"
}