{
  "version": "5.6.7", 
  "objects": [
    {
      "attributes": {
        "fields": "[{\"count\": 0, \"analyzed\": false, \"aggregatable\": true, \"name\": \"beat.name\", \"searchable\": true, \"indexed\": true, \"doc_values\": true, \"type\": \"string\", \"scripted\": false}, {\"count\": 0, \"analyzed\": false, \"aggregatable\": true, \"name\": \"beat.hostname\", \"searchable\": true, \"indexed\": true, \"doc_values\": true, \"type\": \"string\", \"scripted\": false}, {\"count\": 0, \"analyzed\": false, \"aggregatable\": true, \"name\": \"beat.version\", \"searchable\": true, \"indexed\": true, \"doc_values\": true, \"type\": \"string\", \"scripted\": false}, {\"count\": 0, \"analyzed\": false, \"aggregatable\": true, \"name\": \"@timestamp\", \"searchable\": true, \"indexed\": true, \"doc_values\": true, \"type\": \"date\", \"scripted\": false}, {\"count\": 0, \"analyzed\": false, \"aggregatable\": true, \"name\": \"tags\", \"searchable\": true, \"indexed\": true, \"doc_values\": true, \"type\": \"string\", \"scripted\": false}, {\"count\": 0, \"analyzed\": false, \"aggregatable\": true, \"name\": \"fields\", \"searchable\": true, \"indexed\": true, \"doc_values\": true, \"scripted\": false}, {\"count\": 0, \"analyzed\": false, \"aggregatable\": true, \"name\": \"meta.cloud.provider\", \"searchable\": true, \"indexed\": true, \"doc_values\": true, \"type\": \"string\", \"scripted\": false}, {\"count\": 0, \"analyzed\": false, \"aggregatable\": true, \"name\": \"meta.cloud.instance_id\", \"searchable\": true, \"indexed\": true, \"doc_values\": true, \"type\": \"string\", \"scripted\": false}, {\"count\": 0, \"analyzed\": false, \"aggregatable\": true, \"name\": \"meta.cloud.machine_type\", \"searchable\": true, \"indexed\": true, \"doc_values\": true, \"type\": \"string\", \"scripted\": false}, {\"count\": 0, \"analyzed\": false, \"aggregatable\": true, \"name\": \"meta.cloud.availability_zone\", \"searchable\": true, \"indexed\": true, \"doc_values\": true, \"type\": \"string\", \"scripted\": false}, {\"count\": 0, \"analyzed\": false, \"aggregatable\": true, \"name\": \"meta.cloud.project_id\", \"searchable\": true, \"indexed\": true, \"doc_values\": true, \"type\": \"string\", \"scripted\": false}, {\"count\": 0, \"analyzed\": false, \"aggregatable\": true, \"name\": \"meta.cloud.region\", \"searchable\": true, \"indexed\": true, \"doc_values\": true, \"type\": \"string\", \"scripted\": false}, {\"count\": 0, \"analyzed\": false, \"aggregatable\": true, \"name\": \"type\", \"searchable\": true, \"indexed\": true, \"doc_values\": true, \"type\": \"string\", \"scripted\": false}, {\"count\": 0, \"analyzed\": false, \"aggregatable\": true, \"name\": \"monitor\", \"searchable\": true, \"indexed\": true, \"doc_values\": true, \"type\": \"string\", \"scripted\": false}, {\"count\": 0, \"analyzed\": false, \"aggregatable\": true, \"name\": \"scheme\", \"searchable\": true, \"indexed\": true, \"doc_values\": true, \"type\": \"string\", \"scripted\": false}, {\"count\": 0, \"analyzed\": false, \"aggregatable\": true, \"name\": \"host\", \"searchable\": true, \"indexed\": true, \"doc_values\": true, \"type\": \"string\", \"scripted\": false}, {\"count\": 0, \"analyzed\": false, \"aggregatable\": true, \"name\": \"port\", \"searchable\": true, \"indexed\": true, \"doc_values\": true, \"type\": \"number\", \"scripted\": false}, {\"count\": 0, \"analyzed\": false, \"aggregatable\": false, \"name\": \"url\", \"searchable\": true, \"indexed\": true, \"doc_values\": true, \"type\": \"string\", \"scripted\": false}, {\"count\": 0, \"analyzed\": false, \"aggregatable\": true, \"name\": \"ip\", \"searchable\": true, \"indexed\": true, \"doc_values\": true, \"type\": \"string\", \"scripted\": false}, {\"count\": 0, \"analyzed\": false, \"aggregatable\": true, \"name\": \"duration.us\", \"searchable\": true, \"indexed\": true, \"doc_values\": true, \"type\": \"number\", \"scripted\": false}, {\"count\": 0, \"analyzed\": false, \"aggregatable\": true, \"name\": \"resolve_rtt.us\", \"searchable\": true, \"indexed\": true, \"doc_values\": true, \"type\": \"number\", \"scripted\": false}, {\"count\": 0, \"analyzed\": false, \"aggregatable\": true, \"name\": \"icmp_rtt.us\", \"searchable\": true, \"indexed\": true, \"doc_values\": true, \"type\": \"number\", \"scripted\": false}, {\"count\": 0, \"analyzed\": false, \"aggregatable\": true, \"name\": \"tcp_connect_rtt.us\", \"searchable\": true, \"indexed\": true, \"doc_values\": true, \"type\": \"number\", \"scripted\": false}, {\"count\": 0, \"analyzed\": false, \"aggregatable\": true, \"name\": \"socks5_connect_rtt.us\", \"searchable\": true, \"indexed\": true, \"doc_values\": true, \"type\": \"number\", \"scripted\": false}, {\"count\": 0, \"analyzed\": false, \"aggregatable\": true, \"name\": \"tls_handshake_rtt.us\", \"searchable\": true, \"indexed\": true, \"doc_values\": true, \"type\": \"number\", \"scripted\": false}, {\"count\": 0, \"analyzed\": false, \"aggregatable\": true, \"name\": \"http_rtt.us\", \"searchable\": true, \"indexed\": true, \"doc_values\": true, \"type\": \"number\", \"scripted\": false}, {\"count\": 0, \"analyzed\": false, \"aggregatable\": true, \"name\": \"validate_rtt.us\", \"searchable\": true, \"indexed\": true, \"doc_values\": true, \"type\": \"number\", \"scripted\": false}, {\"count\": 0, \"analyzed\": false, \"aggregatable\": true, \"name\": \"response.status\", \"searchable\": true, \"indexed\": true, \"doc_values\": true, \"type\": \"number\", \"scripted\": false}, {\"count\": 0, \"analyzed\": false, \"aggregatable\": true, \"name\": \"up\", \"searchable\": true, \"indexed\": true, \"doc_values\": true, \"scripted\": false}, {\"count\": 0, \"analyzed\": false, \"aggregatable\": true, \"name\": \"error.type\", \"searchable\": true, \"indexed\": true, \"doc_values\": true, \"type\": \"string\", \"scripted\": false}, {\"count\": 0, \"analyzed\": false, \"aggregatable\": false, \"name\": \"error.message\", \"searchable\": true, \"indexed\": true, \"doc_values\": true, \"type\": \"string\", \"scripted\": false}, {\"count\": 0, \"analyzed\": false, \"aggregatable\": false, \"name\": \"_id\", \"searchable\": false, \"indexed\": false, \"doc_values\": false, \"type\": \"string\", \"scripted\": false}, {\"count\": 0, \"analyzed\": false, \"aggregatable\": true, \"name\": \"_type\", \"searchable\": true, \"indexed\": false, \"doc_values\": false, \"type\": \"string\", \"scripted\": false}, {\"count\": 0, \"analyzed\": false, \"aggregatable\": false, \"name\": \"_index\", \"searchable\": false, \"indexed\": false, \"doc_values\": false, \"type\": \"string\", \"scripted\": false}, {\"count\": 0, \"analyzed\": false, \"aggregatable\": false, \"name\": \"_score\", \"searchable\": false, \"indexed\": false, \"doc_values\": false, \"type\": \"number\", \"scripted\": false}]", 
        "fieldFormatMap": "{\"@timestamp\": {\"id\": \"date\"}}", 
        "timeFieldName": "@timestamp", 
        "title": "heartbeat-*"
      }, 
      "version": 1, 
      "type": "index-pattern", 
      "id": "heartbeat-*"
    }
  ]
}